source_persona_id,target_persona_id,edge_type
P001,P006,follow
P001,P017,follow
P001,P036,follow
P001,P038,follow
P001,P041,follow
P001,P044,follow
P001,P047,follow
P001,P071,follow
P001,P094,follow
P001,P103,follow
P001,P107,follow
P001,P121,follow
P001,P129,follow
P001,P145,follow
P001,P152,follow
P001,P155,follow
P001,P159,follow
P001,P162,follow
P001,P172,follow
P001,P179,follow
P001,P186,follow
P002,P013,follow
P002,P016,follow
P002,P022,follow
P002,P036,follow
P002,P056,follow
P002,P066,follow
P002,P068,follow
P002,P069,follow
P002,P077,follow
P002,P096,follow
P002,P100,follow
P002,P108,follow
P002,P119,follow
P002,P124,follow
P002,P129,follow
P002,P148,follow
P002,P190,follow
P003,P014,follow
P003,P050,follow
P003,P051,follow
P003,P068,follow
P003,P093,follow
P003,P144,follow
P003,P147,follow
P003,P150,follow
P003,P159,follow
P003,P167,follow
P004,P009,follow
P004,P028,follow
P004,P038,follow
P004,P043,follow
P004,P057,follow
P004,P066,follow
P004,P070,follow
P004,P082,follow
P004,P097,follow
P004,P112,follow
P004,P118,follow
P004,P138,follow
P004,P144,follow
P004,P145,follow
P004,P163,follow
P004,P165,follow
P004,P167,follow
P004,P194,follow
P004,P197,follow
P005,P001,follow
P005,P036,follow
P005,P043,follow
P005,P050,follow
P005,P059,follow
P005,P070,follow
P005,P073,follow
P005,P077,follow
P005,P082,follow
P005,P083,follow
P005,P105,follow
P005,P119,follow
P005,P124,follow
P005,P125,follow
P005,P130,follow
P005,P139,follow
P005,P143,follow
P005,P150,follow
P005,P160,follow
P005,P161,follow
P005,P176,follow
P005,P184,follow
P005,P190,follow
P005,P192,follow
P006,P032,follow
P006,P055,follow
P006,P062,follow
P006,P087,follow
P006,P093,follow
P006,P116,follow
P006,P141,follow
P006,P157,follow
P006,P166,follow
P006,P186,follow
P007,P010,follow
P007,P012,follow
P007,P031,follow
P007,P032,follow
P007,P063,follow
P007,P074,follow
P007,P075,follow
P007,P087,follow
P007,P090,follow
P007,P093,follow
P007,P096,follow
P007,P133,follow
P007,P135,follow
P007,P137,follow
P007,P177,follow
P007,P193,follow
P008,P034,follow
P008,P036,follow
P008,P064,follow
P008,P072,follow
P008,P095,follow
P008,P111,follow
P008,P124,follow
P008,P139,follow
P008,P154,follow
P008,P156,follow
P008,P160,follow
P008,P167,follow
P008,P181,follow
P009,P012,follow
P009,P073,follow
P009,P087,follow
P009,P140,follow
P009,P169,follow
P009,P184,follow
P009,P192,follow
P009,P195,follow
P010,P067,follow
P010,P074,follow
P010,P086,follow
P010,P106,follow
P010,P132,follow
P010,P155,follow
P010,P186,follow
P010,P199,follow
P011,P005,follow
P011,P014,follow
P011,P032,follow
P011,P038,follow
P011,P042,follow
P011,P111,follow
P011,P113,follow
P011,P172,follow
P012,P007,follow
P012,P013,follow
P012,P030,follow
P012,P060,follow
P012,P072,follow
P012,P123,follow
P012,P125,follow
P012,P129,follow
P012,P130,follow
P012,P133,follow
P012,P140,follow
P012,P159,follow
P013,P002,follow
P013,P007,follow
P013,P009,follow
P013,P025,follow
P013,P105,follow
P013,P106,follow
P013,P111,follow
P013,P122,follow
P013,P125,follow
P013,P155,follow
P013,P168,follow
P013,P171,follow
P013,P191,follow
P014,P005,follow
P014,P038,follow
P014,P046,follow
P014,P067,follow
P014,P070,follow
P014,P071,follow
P014,P076,follow
P014,P086,follow
P014,P095,follow
P014,P132,follow
P014,P162,follow
P014,P175,follow
P014,P183,follow
P014,P198,follow
P015,P004,follow
P015,P008,follow
P015,P013,follow
P015,P035,follow
P015,P045,follow
P015,P051,follow
P015,P053,follow
P015,P057,follow
P015,P077,follow
P015,P110,follow
P015,P125,follow
P015,P131,follow
P015,P135,follow
P015,P148,follow
P015,P164,follow
P015,P167,follow
P016,P014,follow
P016,P033,follow
P016,P061,follow
P016,P099,follow
P016,P102,follow
P016,P109,follow
P016,P120,follow
P016,P146,follow
P016,P149,follow
P016,P195,follow
P017,P021,follow
P017,P024,follow
P017,P029,follow
P017,P074,follow
P017,P075,follow
P017,P089,follow
P017,P116,follow
P017,P129,follow
P017,P133,follow
P017,P148,follow
P017,P151,follow
P017,P155,follow
P017,P164,follow
P017,P169,follow
P017,P173,follow
P017,P174,follow
P017,P184,follow
P018,P001,follow
P018,P010,follow
P018,P015,follow
P018,P017,follow
P018,P045,follow
P018,P046,follow
P018,P070,follow
P018,P090,follow
P018,P134,follow
P018,P140,follow
P018,P150,follow
P018,P153,follow
P018,P173,follow
P018,P184,follow
P018,P185,follow
P018,P187,follow
P018,P188,follow
P019,P024,follow
P019,P053,follow
P019,P054,follow
P019,P062,follow
P019,P077,follow
P019,P083,follow
P019,P093,follow
P019,P104,follow
P019,P127,follow
P019,P131,follow
P019,P133,follow
P019,P137,follow
P019,P139,follow
P019,P143,follow
P019,P147,follow
P019,P155,follow
P019,P165,follow
P019,P187,follow
P019,P188,follow
P020,P001,follow
P020,P006,follow
P020,P009,follow
P020,P022,follow
P020,P023,follow
P020,P034,follow
P020,P051,follow
P020,P061,follow
P020,P067,follow
P020,P072,follow
P020,P104,follow
P020,P123,follow
P020,P135,follow
P020,P150,follow
P020,P151,follow
P020,P155,follow
P020,P156,follow
P020,P159,follow
P020,P161,follow
P020,P168,follow
P020,P171,follow
P020,P178,follow
P020,P182,follow
P020,P196,follow
P021,P048,follow
P021,P071,follow
P021,P075,follow
P021,P085,follow
P021,P140,follow
P021,P168,follow
P021,P199,follow
P022,P045,follow
P022,P072,follow
P022,P078,follow
P022,P113,follow
P022,P115,follow
P022,P126,follow
P023,P029,follow
P023,P045,follow
P023,P060,follow
P023,P100,follow
P023,P185,follow
P024,P007,follow
P024,P009,follow
P024,P033,follow
P024,P046,follow
P024,P059,follow
P024,P062,follow
P024,P073,follow
P024,P074,follow
P024,P122,follow
P024,P123,follow
P024,P131,follow
P024,P133,follow
P024,P135,follow
P024,P147,follow
P024,P149,follow
P024,P156,follow
P024,P176,follow
P024,P178,follow
P024,P192,follow
P025,P070,follow
P025,P074,follow
P025,P077,follow
P025,P103,follow
P025,P105,follow
P025,P160,follow
P025,P162,follow
P025,P184,follow
P026,P054,follow
P026,P111,follow
P026,P114,follow
P026,P169,follow
P026,P177,follow
P027,P018,follow
P027,P025,follow
P027,P084,follow
P027,P086,follow
P027,P094,follow
P027,P098,follow
P027,P104,follow
P027,P118,follow
P027,P161,follow
P027,P171,follow
P027,P174,follow
P027,P176,follow
P027,P186,follow
P027,P197,follow
P028,P018,follow
P028,P024,follow
P028,P027,follow
P028,P031,follow
P028,P050,follow
P028,P057,follow
P028,P060,follow
P028,P067,follow
P028,P072,follow
P028,P085,follow
P028,P089,follow
P028,P092,follow
P028,P101,follow
P028,P116,follow
P028,P117,follow
P028,P129,follow
P028,P137,follow
P028,P141,follow
P028,P146,follow
P028,P153,follow
P028,P157,follow
P028,P158,follow
P028,P191,follow
P028,P196,follow
P029,P003,follow
P029,P011,follow
P029,P021,follow
P029,P025,follow
P029,P035,follow
P029,P055,follow
P029,P064,follow
P029,P074,follow
P029,P077,follow
P029,P082,follow
P029,P083,follow
P029,P093,follow
P029,P094,follow
P029,P095,follow
P029,P100,follow
P029,P110,follow
P029,P116,follow
P029,P120,follow
P029,P140,follow
P029,P144,follow
P029,P187,follow
P029,P190,follow
P030,P042,follow
P030,P061,follow
P030,P063,follow
P030,P067,follow
P030,P075,follow
P030,P080,follow
P030,P085,follow
P030,P091,follow
P030,P123,follow
P030,P126,follow
P030,P146,follow
P030,P193,follow
P031,P010,follow
P031,P014,follow
P031,P019,follow
P031,P058,follow
P031,P066,follow
P031,P091,follow
P031,P143,follow
P031,P144,follow
P031,P184,follow
P031,P195,follow
P032,P011,follow
P032,P012,follow
P032,P021,follow
P032,P058,follow
P032,P059,follow
P032,P062,follow
P032,P079,follow
P032,P081,follow
P032,P086,follow
P032,P095,follow
P032,P099,follow
P032,P106,follow
P032,P120,follow
P032,P136,follow
P032,P138,follow
P032,P139,follow
P032,P156,follow
P032,P172,follow
P032,P182,follow
P033,P004,follow
P033,P034,follow
P033,P037,follow
P033,P056,follow
P033,P066,follow
P033,P085,follow
P033,P099,follow
P033,P104,follow
P033,P154,follow
P033,P162,follow
P033,P164,follow
P033,P172,follow
P033,P182,follow
P034,P001,follow
P034,P013,follow
P034,P017,follow
P034,P033,follow
P034,P041,follow
P034,P043,follow
P034,P057,follow
P034,P064,follow
P034,P066,follow
P034,P071,follow
P034,P074,follow
P034,P095,follow
P034,P120,follow
P034,P122,follow
P034,P129,follow
P034,P133,follow
P034,P139,follow
P034,P141,follow
P034,P149,follow
P034,P163,follow
P034,P169,follow
P034,P173,follow
P034,P178,follow
P034,P199,follow
P035,P010,follow
P035,P014,follow
P035,P020,follow
P035,P039,follow
P035,P045,follow
P035,P046,follow
P035,P054,follow
P035,P055,follow
P035,P070,follow
P035,P075,follow
P035,P084,follow
P035,P091,follow
P035,P104,follow
P035,P106,follow
P035,P119,follow
P035,P126,follow
P035,P145,follow
P035,P147,follow
P035,P149,follow
P035,P182,follow
P035,P186,follow
P036,P019,follow
P036,P037,follow
P036,P038,follow
P036,P042,follow
P036,P066,follow
P036,P072,follow
P036,P084,follow
P036,P100,follow
P036,P102,follow
P036,P131,follow
P036,P133,follow
P036,P140,follow
P036,P160,follow
P036,P161,follow
P036,P166,follow
P036,P169,follow
P036,P176,follow
P036,P184,follow
P036,P185,follow
P036,P190,follow
P037,P032,follow
P037,P050,follow
P037,P054,follow
P037,P071,follow
P037,P091,follow
P037,P142,follow
P037,P165,follow
P037,P180,follow
P037,P193,follow
P038,P020,follow
P038,P035,follow
P038,P067,follow
P038,P074,follow
P038,P081,follow
P038,P087,follow
P038,P089,follow
P038,P103,follow
P038,P111,follow
P038,P122,follow
P038,P141,follow
P038,P165,follow
P038,P172,follow
P038,P182,follow
P038,P183,follow
P039,P043,follow
P039,P053,follow
P039,P055,follow
P039,P076,follow
P039,P085,follow
P039,P097,follow
P039,P128,follow
P039,P133,follow
P039,P179,follow
P039,P182,follow
P039,P199,follow
P040,P010,follow
P040,P011,follow
P040,P036,follow
P040,P049,follow
P040,P073,follow
P040,P083,follow
P040,P085,follow
P040,P095,follow
P040,P103,follow
P040,P105,follow
P040,P111,follow
P040,P121,follow
P040,P127,follow
P040,P131,follow
P040,P143,follow
P040,P158,follow
P040,P175,follow
P041,P029,follow
P041,P038,follow
P041,P077,follow
P041,P107,follow
P041,P128,follow
P041,P192,follow
P042,P002,follow
P042,P121,follow
P042,P130,follow
P042,P132,follow
P042,P133,follow
P042,P147,follow
P042,P150,follow
P042,P156,follow
P042,P158,follow
P043,P001,follow
P043,P033,follow
P043,P035,follow
P043,P051,follow
P043,P072,follow
P043,P091,follow
P043,P094,follow
P043,P097,follow
P043,P106,follow
P043,P127,follow
P043,P141,follow
P043,P154,follow
P043,P173,follow
P044,P014,follow
P044,P022,follow
P044,P041,follow
P044,P064,follow
P044,P066,follow
P044,P074,follow
P044,P076,follow
P044,P077,follow
P044,P101,follow
P044,P103,follow
P044,P107,follow
P044,P114,follow
P044,P124,follow
P044,P128,follow
P044,P138,follow
P044,P145,follow
P044,P147,follow
P044,P165,follow
P044,P170,follow
P044,P184,follow
P044,P189,follow
P045,P001,follow
P045,P022,follow
P045,P024,follow
P045,P030,follow
P045,P061,follow
P045,P065,follow
P045,P086,follow
P045,P092,follow
P045,P097,follow
P045,P114,follow
P045,P123,follow
P045,P134,follow
P045,P141,follow
P045,P144,follow
P045,P155,follow
P045,P163,follow
P046,P001,follow
P046,P017,follow
P046,P057,follow
P046,P069,follow
P046,P074,follow
P046,P109,follow
P046,P113,follow
P046,P117,follow
P046,P125,follow
P046,P139,follow
P047,P005,follow
P047,P011,follow
P047,P018,follow
P047,P027,follow
P047,P037,follow
P047,P042,follow
P047,P051,follow
P047,P059,follow
P047,P069,follow
P047,P081,follow
P047,P107,follow
P047,P127,follow
P047,P148,follow
P047,P159,follow
P047,P174,follow
P047,P184,follow
P047,P190,follow
P047,P191,follow
P047,P192,follow
P047,P196,follow
P048,P014,follow
P048,P029,follow
P048,P045,follow
P048,P074,follow
P048,P076,follow
P048,P105,follow
P048,P126,follow
P048,P137,follow
P048,P155,follow
P048,P162,follow
P049,P034,follow
P049,P052,follow
P049,P053,follow
P049,P065,follow
P049,P091,follow
P049,P094,follow
P049,P100,follow
P049,P114,follow
P049,P118,follow
P049,P121,follow
P049,P125,follow
P049,P129,follow
P049,P135,follow
P049,P142,follow
P049,P147,follow
P049,P173,follow
P049,P175,follow
P050,P012,follow
P050,P017,follow
P050,P041,follow
P050,P047,follow
P050,P061,follow
P050,P070,follow
P050,P082,follow
P050,P102,follow
P050,P114,follow
P050,P156,follow
P050,P197,follow
P051,P008,follow
P051,P009,follow
P051,P025,follow
P051,P056,follow
P051,P061,follow
P051,P062,follow
P051,P078,follow
P051,P086,follow
P051,P101,follow
P051,P110,follow
P051,P142,follow
P051,P160,follow
P051,P165,follow
P051,P170,follow
P051,P172,follow
P051,P181,follow
P051,P186,follow
P052,P008,follow
P052,P014,follow
P052,P031,follow
P052,P038,follow
P052,P054,follow
P052,P055,follow
P052,P081,follow
P052,P082,follow
P052,P089,follow
P052,P100,follow
P052,P101,follow
P052,P109,follow
P052,P138,follow
P052,P147,follow
P052,P151,follow
P052,P159,follow
P052,P167,follow
P052,P171,follow
P052,P198,follow
P053,P011,follow
P053,P051,follow
P053,P063,follow
P053,P078,follow
P053,P079,follow
P053,P084,follow
P053,P091,follow
P053,P095,follow
P053,P096,follow
P053,P097,follow
P053,P102,follow
P053,P112,follow
P053,P126,follow
P053,P127,follow
P053,P129,follow
P053,P135,follow
P053,P141,follow
P053,P155,follow
P053,P167,follow
P053,P170,follow
P053,P173,follow
P053,P184,follow
P053,P198,follow
P054,P038,follow
P054,P046,follow
P054,P067,follow
P054,P070,follow
P054,P075,follow
P054,P076,follow
P054,P087,follow
P054,P089,follow
P054,P094,follow
P054,P115,follow
P054,P125,follow
P054,P130,follow
P054,P134,follow
P054,P142,follow
P054,P150,follow
P054,P158,follow
P054,P165,follow
P054,P171,follow
P054,P172,follow
P054,P191,follow
P054,P196,follow
P054,P198,follow
P055,P063,follow
P055,P064,follow
P055,P074,follow
P055,P117,follow
P055,P143,follow
P055,P144,follow
P055,P155,follow
P055,P167,follow
P055,P170,follow
P056,P002,follow
P056,P008,follow
P056,P012,follow
P056,P014,follow
P056,P057,follow
P056,P070,follow
P056,P107,follow
P056,P132,follow
P056,P134,follow
P056,P149,follow
P056,P151,follow
P056,P152,follow
P056,P168,follow
P057,P011,follow
P057,P012,follow
P057,P015,follow
P057,P036,follow
P057,P055,follow
P057,P114,follow
P057,P117,follow
P057,P130,follow
P057,P160,follow
P057,P183,follow
P057,P187,follow
P057,P193,follow
P058,P019,follow
P058,P022,follow
P058,P029,follow
P058,P055,follow
P058,P061,follow
P058,P065,follow
P058,P067,follow
P058,P088,follow
P058,P097,follow
P058,P134,follow
P058,P138,follow
P058,P154,follow
P058,P184,follow
P058,P197,follow
P059,P004,follow
P059,P010,follow
P059,P025,follow
P059,P026,follow
P059,P029,follow
P059,P036,follow
P059,P055,follow
P059,P056,follow
P059,P065,follow
P059,P115,follow
P059,P123,follow
P059,P126,follow
P059,P140,follow
P059,P146,follow
P059,P147,follow
P059,P149,follow
P059,P151,follow
P059,P172,follow
P059,P181,follow
P060,P011,follow
P060,P014,follow
P060,P031,follow
P060,P063,follow
P060,P067,follow
P060,P079,follow
P060,P088,follow
P060,P095,follow
P060,P096,follow
P060,P097,follow
P060,P109,follow
P060,P124,follow
P060,P128,follow
P060,P170,follow
P060,P195,follow
P061,P003,follow
P061,P006,follow
P061,P022,follow
P061,P028,follow
P061,P038,follow
P061,P051,follow
P061,P081,follow
P061,P085,follow
P061,P098,follow
P061,P102,follow
P061,P113,follow
P061,P123,follow
P061,P130,follow
P061,P135,follow
P061,P147,follow
P061,P148,follow
P061,P151,follow
P061,P153,follow
P061,P158,follow
P061,P168,follow
P061,P189,follow
P061,P190,follow
P061,P192,follow
P061,P199,follow
P062,P002,follow
P062,P005,follow
P062,P013,follow
P062,P032,follow
P062,P041,follow
P062,P046,follow
P062,P048,follow
P062,P069,follow
P062,P070,follow
P062,P082,follow
P062,P087,follow
P062,P099,follow
P062,P115,follow
P062,P129,follow
P062,P139,follow
P062,P148,follow
P062,P184,follow
P062,P186,follow
P062,P190,follow
P062,P193,follow
P062,P198,follow
P063,P001,follow
P063,P006,follow
P063,P007,follow
P063,P014,follow
P063,P025,follow
P063,P030,follow
P063,P060,follow
P063,P070,follow
P063,P095,follow
P063,P100,follow
P063,P101,follow
P063,P117,follow
P063,P122,follow
P063,P123,follow
P063,P127,follow
P063,P129,follow
P063,P144,follow
P063,P158,follow
P063,P165,follow
P063,P178,follow
P063,P189,follow
P063,P197,follow
P064,P001,follow
P064,P003,follow
P064,P015,follow
P064,P049,follow
P064,P080,follow
P064,P100,follow
P064,P174,follow
P064,P183,follow
P065,P007,follow
P065,P030,follow
P065,P038,follow
P065,P043,follow
P065,P044,follow
P065,P060,follow
P065,P070,follow
P065,P075,follow
P065,P079,follow
P065,P101,follow
P065,P112,follow
P065,P122,follow
P065,P130,follow
P065,P142,follow
P065,P161,follow
P065,P169,follow
P065,P170,follow
P065,P195,follow
P066,P003,follow
P066,P050,follow
P066,P057,follow
P066,P101,follow
P066,P144,follow
P066,P189,follow
P066,P195,follow
P067,P003,follow
P067,P040,follow
P067,P061,follow
P067,P084,follow
P067,P085,follow
P067,P119,follow
P067,P132,follow
P067,P152,follow
P068,P008,follow
P068,P082,follow
P068,P122,follow
P068,P138,follow
P068,P152,follow
P068,P179,follow
P068,P187,follow
P068,P189,follow
P068,P194,follow
P069,P005,follow
P069,P007,follow
P069,P018,follow
P069,P028,follow
P069,P036,follow
P069,P037,follow
P069,P039,follow
P069,P040,follow
P069,P053,follow
P069,P054,follow
P069,P078,follow
P069,P097,follow
P069,P103,follow
P069,P116,follow
P069,P164,follow
P069,P167,follow
P069,P171,follow
P069,P193,follow
P069,P195,follow
P070,P007,follow
P070,P009,follow
P070,P028,follow
P070,P039,follow
P070,P042,follow
P070,P057,follow
P070,P059,follow
P070,P076,follow
P070,P088,follow
P070,P101,follow
P070,P111,follow
P070,P113,follow
P070,P116,follow
P070,P120,follow
P070,P130,follow
P070,P138,follow
P070,P156,follow
P070,P161,follow
P070,P170,follow
P070,P174,follow
P070,P189,follow
P071,P024,follow
P071,P027,follow
P071,P033,follow
P071,P034,follow
P071,P037,follow
P071,P057,follow
P071,P058,follow
P071,P076,follow
P071,P088,follow
P071,P090,follow
P071,P108,follow
P071,P142,follow
P071,P149,follow
P071,P165,follow
P071,P169,follow
P071,P172,follow
P071,P173,follow
P071,P177,follow
P072,P005,follow
P072,P019,follow
P072,P045,follow
P072,P048,follow
P072,P123,follow
P072,P195,follow
P073,P024,follow
P073,P025,follow
P073,P027,follow
P073,P050,follow
P073,P103,follow
P073,P105,follow
P073,P120,follow
P073,P127,follow
P073,P131,follow
P073,P146,follow
P073,P158,follow
P074,P005,follow
P074,P020,follow
P074,P037,follow
P074,P048,follow
P074,P051,follow
P074,P061,follow
P074,P083,follow
P074,P091,follow
P074,P110,follow
P074,P114,follow
P074,P124,follow
P074,P131,follow
P074,P142,follow
P074,P143,follow
P074,P145,follow
P074,P174,follow
P074,P176,follow
P074,P193,follow
P075,P004,follow
P075,P014,follow
P075,P022,follow
P075,P029,follow
P075,P040,follow
P075,P041,follow
P075,P051,follow
P075,P059,follow
P075,P083,follow
P075,P093,follow
P075,P128,follow
P075,P132,follow
P075,P149,follow
P075,P156,follow
P075,P160,follow
P075,P163,follow
P075,P183,follow
P075,P184,follow
P075,P198,follow
P076,P012,follow
P076,P025,follow
P076,P029,follow
P076,P046,follow
P076,P047,follow
P076,P055,follow
P076,P056,follow
P076,P071,follow
P076,P077,follow
P076,P079,follow
P076,P080,follow
P076,P086,follow
P076,P093,follow
P076,P110,follow
P076,P113,follow
P076,P127,follow
P076,P136,follow
P076,P153,follow
P076,P167,follow
P076,P175,follow
P076,P195,follow
P077,P005,follow
P077,P058,follow
P077,P059,follow
P077,P072,follow
P077,P092,follow
P077,P102,follow
P077,P107,follow
P077,P115,follow
P077,P121,follow
P077,P128,follow
P077,P141,follow
P077,P150,follow
P077,P155,follow
P077,P157,follow
P077,P185,follow
P078,P003,follow
P078,P017,follow
P078,P019,follow
P078,P021,follow
P078,P023,follow
P078,P038,follow
P078,P046,follow
P078,P049,follow
P078,P060,follow
P078,P073,follow
P078,P079,follow
P078,P090,follow
P078,P095,follow
P078,P096,follow
P078,P126,follow
P078,P131,follow
P078,P142,follow
P078,P145,follow
P078,P162,follow
P078,P173,follow
P078,P182,follow
P078,P192,follow
P078,P196,follow
P078,P199,follow
P079,P019,follow
P079,P021,follow
P079,P032,follow
P079,P047,follow
P079,P050,follow
P079,P090,follow
P079,P104,follow
P079,P108,follow
P079,P109,follow
P079,P117,follow
P079,P126,follow
P079,P132,follow
P079,P135,follow
P079,P137,follow
P079,P144,follow
P079,P167,follow
P079,P169,follow
P079,P174,follow
P079,P185,follow
P079,P191,follow
P079,P193,follow
P079,P198,follow
P080,P079,follow
P080,P111,follow
P080,P128,follow
P080,P139,follow
P080,P164,follow
P080,P169,follow
P080,P193,follow
P081,P003,follow
P081,P008,follow
P081,P015,follow
P081,P049,follow
P081,P068,follow
P081,P135,follow
P081,P141,follow
P081,P146,follow
P081,P150,follow
P081,P165,follow
P081,P178,follow
P081,P193,follow
P082,P012,follow
P082,P035,follow
P082,P036,follow
P082,P052,follow
P082,P078,follow
P082,P085,follow
P082,P102,follow
P082,P127,follow
P082,P135,follow
P082,P139,follow
P083,P018,follow
P083,P040,follow
P083,P053,follow
P083,P055,follow
P083,P070,follow
P083,P074,follow
P083,P075,follow
P083,P078,follow
P083,P088,follow
P083,P104,follow
P083,P112,follow
P083,P119,follow
P083,P124,follow
P083,P149,follow
P083,P183,follow
P083,P190,follow
P083,P194,follow
P084,P019,follow
P084,P033,follow
P084,P071,follow
P084,P138,follow
P084,P142,follow
P084,P145,follow
P085,P007,follow
P085,P011,follow
P085,P032,follow
P085,P034,follow
P085,P046,follow
P085,P047,follow
P085,P048,follow
P085,P055,follow
P085,P064,follow
P085,P066,follow
P085,P088,follow
P085,P091,follow
P085,P095,follow
P085,P097,follow
P085,P099,follow
P085,P103,follow
P085,P120,follow
P085,P133,follow
P085,P134,follow
P085,P135,follow
P085,P142,follow
P085,P144,follow
P085,P161,follow
P085,P168,follow
P086,P017,follow
P086,P044,follow
P086,P053,follow
P086,P057,follow
P086,P078,follow
P086,P095,follow
P086,P115,follow
P086,P117,follow
P086,P125,follow
P086,P133,follow
P086,P149,follow
P086,P154,follow
P086,P169,follow
P086,P173,follow
P086,P179,follow
P086,P183,follow
P086,P195,follow
P087,P013,follow
P087,P049,follow
P087,P095,follow
P087,P116,follow
P087,P118,follow
P087,P125,follow
P088,P019,follow
P088,P027,follow
P088,P053,follow
P088,P060,follow
P088,P069,follow
P088,P073,follow
P088,P077,follow
P088,P080,follow
P088,P083,follow
P088,P098,follow
P088,P117,follow
P088,P122,follow
P088,P155,follow
P089,P017,follow
P089,P024,follow
P089,P026,follow
P089,P074,follow
P089,P084,follow
P089,P098,follow
P089,P107,follow
P089,P158,follow
P089,P178,follow
P090,P009,follow
P090,P016,follow
P090,P017,follow
P090,P028,follow
P090,P036,follow
P090,P064,follow
P090,P073,follow
P090,P076,follow
P090,P080,follow
P090,P086,follow
P090,P093,follow
P090,P103,follow
P090,P117,follow
P090,P139,follow
P090,P143,follow
P090,P147,follow
P090,P155,follow
P090,P168,follow
P090,P172,follow
P090,P181,follow
P090,P189,follow
P090,P198,follow
P091,P002,follow
P091,P016,follow
P091,P018,follow
P091,P032,follow
P091,P039,follow
P091,P055,follow
P091,P070,follow
P091,P074,follow
P091,P077,follow
P091,P093,follow
P091,P098,follow
P091,P099,follow
P091,P103,follow
P091,P107,follow
P091,P119,follow
P091,P129,follow
P091,P133,follow
P091,P141,follow
P091,P145,follow
P091,P152,follow
P091,P164,follow
P091,P174,follow
P091,P177,follow
P091,P197,follow
P092,P001,follow
P092,P049,follow
P092,P062,follow
P092,P072,follow
P092,P081,follow
P092,P156,follow
P092,P177,follow
P093,P036,follow
P093,P078,follow
P093,P086,follow
P093,P091,follow
P093,P096,follow
P093,P120,follow
P093,P126,follow
P093,P140,follow
P093,P146,follow
P093,P155,follow
P093,P168,follow
P093,P189,follow
P093,P194,follow
P093,P196,follow
P094,P008,follow
P094,P012,follow
P094,P019,follow
P094,P029,follow
P094,P074,follow
P094,P082,follow
P094,P087,follow
P094,P097,follow
P094,P101,follow
P094,P133,follow
P094,P145,follow
P094,P151,follow
P094,P188,follow
P094,P191,follow
P095,P006,follow
P095,P016,follow
P095,P030,follow
P095,P034,follow
P095,P037,follow
P095,P048,follow
P095,P049,follow
P095,P055,follow
P095,P060,follow
P095,P064,follow
P095,P067,follow
P095,P092,follow
P095,P119,follow
P095,P121,follow
P095,P122,follow
P095,P139,follow
P095,P150,follow
P095,P161,follow
P095,P164,follow
P095,P168,follow
P095,P181,follow
P095,P183,follow
P095,P190,follow
P095,P191,follow
P096,P001,follow
P096,P025,follow
P096,P036,follow
P096,P037,follow
P096,P039,follow
P096,P041,follow
P096,P066,follow
P096,P067,follow
P096,P079,follow
P096,P099,follow
P096,P109,follow
P096,P113,follow
P096,P120,follow
P096,P122,follow
P096,P134,follow
P096,P143,follow
P096,P150,follow
P096,P153,follow
P096,P171,follow
P096,P191,follow
P096,P192,follow
P097,P001,follow
P097,P004,follow
P097,P007,follow
P097,P011,follow
P097,P017,follow
P097,P026,follow
P097,P065,follow
P097,P094,follow
P097,P099,follow
P097,P144,follow
P097,P159,follow
P097,P186,follow
P097,P192,follow
P097,P199,follow
P098,P018,follow
P098,P034,follow
P098,P058,follow
P098,P067,follow
P098,P075,follow
P098,P082,follow
P098,P096,follow
P098,P104,follow
P098,P180,follow
P098,P190,follow
P099,P006,follow
P099,P048,follow
P099,P112,follow
P099,P123,follow
P099,P131,follow
P099,P133,follow
P099,P176,follow
P100,P001,follow
P100,P002,follow
P100,P014,follow
P100,P017,follow
P100,P034,follow
P100,P038,follow
P100,P041,follow
P100,P043,follow
P100,P044,follow
P100,P048,follow
P100,P060,follow
P100,P062,follow
P100,P084,follow
P100,P085,follow
P100,P110,follow
P100,P132,follow
P100,P158,follow
P100,P176,follow
P100,P185,follow
P100,P188,follow
P100,P189,follow
P100,P191,follow
P101,P010,follow
P101,P020,follow
P101,P022,follow
P101,P028,follow
P101,P032,follow
P101,P048,follow
P101,P066,follow
P101,P077,follow
P101,P100,follow
P101,P102,follow
P101,P104,follow
P101,P105,follow
P101,P125,follow
P101,P139,follow
P101,P141,follow
P101,P146,follow
P101,P157,follow
P101,P163,follow
P101,P170,follow
P101,P173,follow
P101,P181,follow
P101,P196,follow
P102,P011,follow
P102,P053,follow
P102,P060,follow
P102,P069,follow
P102,P074,follow
P102,P091,follow
P102,P093,follow
P102,P094,follow
P102,P099,follow
P102,P161,follow
P102,P167,follow
P103,P018,follow
P103,P032,follow
P103,P037,follow
P103,P072,follow
P103,P085,follow
P103,P093,follow
P103,P115,follow
P103,P118,follow
P103,P157,follow
P103,P194,follow
P104,P012,follow
P104,P050,follow
P104,P058,follow
P104,P061,follow
P104,P063,follow
P104,P064,follow
P104,P081,follow
P104,P087,follow
P104,P102,follow
P104,P105,follow
P104,P118,follow
P104,P131,follow
P104,P132,follow
P104,P151,follow
P104,P172,follow
P104,P178,follow
P104,P180,follow
P104,P194,follow
P105,P035,follow
P105,P038,follow
P105,P039,follow
P105,P054,follow
P105,P062,follow
P105,P063,follow
P105,P077,follow
P105,P082,follow
P105,P092,follow
P105,P111,follow
P105,P126,follow
P105,P169,follow
P105,P171,follow
P105,P185,follow
P105,P197,follow
P106,P012,follow
P106,P015,follow
P106,P022,follow
P106,P047,follow
P106,P062,follow
P106,P080,follow
P106,P089,follow
P106,P092,follow
P106,P093,follow
P106,P104,follow
P106,P148,follow
P106,P152,follow
P106,P157,follow
P106,P158,follow
P106,P179,follow
P106,P194,follow
P106,P198,follow
P107,P020,follow
P107,P033,follow
P107,P090,follow
P107,P128,follow
P107,P172,follow
P107,P175,follow
P108,P005,follow
P108,P012,follow
P108,P024,follow
P108,P025,follow
P108,P033,follow
P108,P039,follow
P108,P064,follow
P108,P068,follow
P108,P069,follow
P108,P075,follow
P108,P090,follow
P108,P122,follow
P108,P126,follow
P108,P133,follow
P108,P141,follow
P108,P147,follow
P108,P153,follow
P108,P156,follow
P108,P162,follow
P108,P173,follow
P108,P176,follow
P109,P003,follow
P109,P034,follow
P109,P045,follow
P109,P060,follow
P109,P067,follow
P109,P077,follow
P109,P079,follow
P109,P084,follow
P109,P120,follow
P109,P123,follow
P109,P143,follow
P109,P146,follow
P109,P149,follow
P110,P005,follow
P110,P014,follow
P110,P027,follow
P110,P043,follow
P110,P050,follow
P110,P060,follow
P110,P061,follow
P110,P068,follow
P110,P075,follow
P110,P078,follow
P110,P080,follow
P110,P083,follow
P110,P091,follow
P110,P105,follow
P110,P112,follow
P110,P116,follow
P110,P126,follow
P110,P140,follow
P110,P142,follow
P110,P169,follow
P110,P170,follow
P110,P180,follow
P110,P182,follow
P110,P191,follow
P111,P006,follow
P111,P012,follow
P111,P042,follow
P111,P050,follow
P111,P055,follow
P111,P065,follow
P111,P066,follow
P111,P084,follow
P111,P087,follow
P111,P093,follow
P111,P108,follow
P111,P118,follow
P111,P122,follow
P111,P144,follow
P111,P145,follow
P112,P012,follow
P112,P022,follow
P112,P029,follow
P112,P037,follow
P112,P080,follow
P112,P131,follow
P112,P151,follow
P112,P183,follow
P112,P184,follow
P113,P024,follow
P113,P031,follow
P113,P033,follow
P113,P034,follow
P113,P035,follow
P113,P043,follow
P113,P061,follow
P113,P093,follow
P113,P094,follow
P113,P106,follow
P113,P111,follow
P113,P121,follow
P113,P125,follow
P113,P145,follow
P113,P146,follow
P113,P160,follow
P113,P162,follow
P113,P166,follow
P113,P167,follow
P113,P174,follow
P113,P175,follow
P113,P178,follow
P114,P028,follow
P114,P087,follow
P114,P107,follow
P114,P148,follow
P114,P173,follow
P115,P011,follow
P115,P062,follow
P115,P077,follow
P115,P082,follow
P115,P084,follow
P115,P086,follow
P115,P093,follow
P115,P119,follow
P115,P183,follow
P116,P004,follow
P116,P037,follow
P116,P040,follow
P116,P054,follow
P116,P059,follow
P116,P062,follow
P116,P072,follow
P116,P152,follow
P116,P158,follow
P116,P164,follow
P116,P183,follow
P116,P192,follow
P117,P002,follow
P117,P006,follow
P117,P026,follow
P117,P037,follow
P117,P040,follow
P117,P041,follow
P117,P052,follow
P117,P056,follow
P117,P058,follow
P117,P067,follow
P117,P080,follow
P117,P086,follow
P117,P093,follow
P117,P099,follow
P117,P138,follow
P117,P150,follow
P117,P170,follow
P117,P179,follow
P117,P191,follow
P117,P195,follow
P118,P015,follow
P118,P049,follow
P118,P058,follow
P118,P100,follow
P118,P119,follow
P118,P124,follow
P118,P132,follow
P118,P148,follow
P118,P163,follow
P118,P173,follow
P118,P184,follow
P118,P187,follow
P119,P011,follow
P119,P018,follow
P119,P020,follow
P119,P022,follow
P119,P028,follow
P119,P053,follow
P119,P056,follow
P119,P057,follow
P119,P059,follow
P119,P073,follow
P119,P074,follow
P119,P088,follow
P119,P093,follow
P119,P098,follow
P119,P101,follow
P119,P132,follow
P119,P166,follow
P119,P190,follow
P119,P197,follow
P119,P198,follow
P120,P012,follow
P120,P044,follow
P120,P055,follow
P120,P060,follow
P120,P067,follow
P120,P072,follow
P120,P082,follow
P120,P083,follow
P120,P098,follow
P120,P107,follow
P120,P109,follow
P120,P113,follow
P120,P119,follow
P120,P125,follow
P120,P131,follow
P120,P136,follow
P120,P141,follow
P120,P156,follow
P120,P187,follow
P121,P019,follow
P121,P038,follow
P121,P048,follow
P121,P090,follow
P121,P111,follow
P121,P132,follow
P121,P152,follow
P121,P164,follow
P121,P165,follow
P121,P188,follow
P122,P004,follow
P122,P008,follow
P122,P010,follow
P122,P013,follow
P122,P014,follow
P122,P022,follow
P122,P030,follow
P122,P075,follow
P122,P088,follow
P122,P094,follow
P122,P100,follow
P122,P126,follow
P122,P142,follow
P122,P150,follow
P122,P155,follow
P122,P160,follow
P122,P174,follow
P122,P176,follow
P122,P190,follow
P123,P004,follow
P123,P007,follow
P123,P016,follow
P123,P022,follow
P123,P033,follow
P123,P037,follow
P123,P059,follow
P123,P077,follow
P123,P083,follow
P123,P095,follow
P123,P111,follow
P123,P122,follow
P123,P128,follow
P123,P135,follow
P123,P143,follow
P123,P153,follow
P123,P155,follow
P123,P157,follow
P123,P161,follow
P123,P186,follow
P123,P188,follow
P124,P014,follow
P124,P019,follow
P124,P063,follow
P124,P065,follow
P124,P073,follow
P124,P076,follow
P124,P080,follow
P124,P090,follow
P124,P091,follow
P124,P093,follow
P124,P100,follow
P124,P101,follow
P124,P117,follow
P124,P125,follow
P124,P127,follow
P124,P130,follow
P124,P131,follow
P124,P133,follow
P124,P138,follow
P124,P139,follow
P124,P142,follow
P124,P150,follow
P125,P015,follow
P125,P036,follow
P125,P042,follow
P125,P058,follow
P125,P060,follow
P125,P063,follow
P125,P065,follow
P125,P078,follow
P125,P098,follow
P125,P110,follow
P125,P116,follow
P125,P118,follow
P125,P119,follow
P125,P120,follow
P125,P128,follow
P125,P129,follow
P125,P149,follow
P125,P151,follow
P125,P156,follow
P125,P161,follow
P125,P165,follow
P125,P168,follow
P125,P170,follow
P126,P011,follow
P126,P014,follow
P126,P022,follow
P126,P026,follow
P126,P027,follow
P126,P032,follow
P126,P038,follow
P126,P056,follow
P126,P059,follow
P126,P063,follow
P126,P079,follow
P126,P098,follow
P126,P136,follow
P126,P146,follow
P126,P151,follow
P126,P162,follow
P126,P166,follow
P126,P167,follow
P126,P174,follow
P126,P187,follow
P127,P002,follow
P127,P004,follow
P127,P016,follow
P127,P029,follow
P127,P074,follow
P127,P083,follow
P127,P095,follow
P127,P102,follow
P127,P121,follow
P127,P135,follow
P127,P160,follow
P128,P025,follow
P128,P035,follow
P128,P036,follow
P128,P046,follow
P128,P057,follow
P128,P073,follow
P128,P086,follow
P128,P088,follow
P128,P093,follow
P128,P097,follow
P128,P126,follow
P128,P140,follow
P128,P142,follow
P128,P151,follow
P128,P167,follow
P128,P172,follow
P128,P174,follow
P128,P176,follow
P128,P186,follow
P128,P187,follow
P128,P190,follow
P128,P191,follow
P128,P199,follow
P129,P013,follow
P129,P026,follow
P129,P028,follow
P129,P040,follow
P129,P047,follow
P129,P055,follow
P129,P066,follow
P129,P082,follow
P129,P094,follow
P129,P099,follow
P129,P109,follow
P129,P121,follow
P129,P141,follow
P129,P149,follow
P129,P162,follow
P129,P167,follow
P129,P169,follow
P129,P171,follow
P129,P193,follow
P129,P194,follow
P130,P011,follow
P130,P012,follow
P130,P051,follow
P130,P057,follow
P130,P062,follow
P130,P080,follow
P130,P083,follow
P130,P090,follow
P130,P099,follow
P130,P100,follow
P130,P122,follow
P130,P123,follow
P130,P184,follow
P130,P190,follow
P130,P194,follow
P130,P195,follow
P131,P016,follow
P131,P054,follow
P131,P058,follow
P131,P103,follow
P131,P111,follow
P131,P121,follow
P131,P186,follow
P132,P008,follow
P132,P009,follow
P132,P010,follow
P132,P020,follow
P132,P023,follow
P132,P025,follow
P132,P042,follow
P132,P043,follow
P132,P044,follow
P132,P067,follow
P132,P069,follow
P132,P071,follow
P132,P088,follow
P132,P094,follow
P132,P113,follow
P132,P124,follow
P132,P140,follow
P132,P142,follow
P132,P145,follow
P132,P149,follow
P132,P153,follow
P132,P172,follow
P132,P187,follow
P132,P193,follow
P133,P008,follow
P133,P009,follow
P133,P010,follow
P133,P014,follow
P133,P021,follow
P133,P041,follow
P133,P063,follow
P133,P065,follow
P133,P066,follow
P133,P101,follow
P133,P111,follow
P133,P112,follow
P133,P120,follow
P133,P125,follow
P133,P126,follow
P133,P146,follow
P133,P150,follow
P133,P152,follow
P133,P178,follow
P133,P183,follow
P133,P184,follow
P133,P188,follow
P134,P031,follow
P134,P035,follow
P134,P060,follow
P134,P084,follow
P134,P126,follow
P135,P006,follow
P135,P012,follow
P135,P042,follow
P135,P044,follow
P135,P048,follow
P135,P050,follow
P135,P059,follow
P135,P069,follow
P135,P072,follow
P135,P079,follow
P135,P081,follow
P135,P085,follow
P135,P112,follow
P135,P114,follow
P135,P125,follow
P135,P154,follow
P135,P160,follow
P135,P168,follow
P135,P169,follow
P135,P175,follow
P135,P182,follow
P135,P185,follow
P135,P197,follow
P135,P199,follow
P136,P009,follow
P136,P011,follow
P136,P014,follow
P136,P016,follow
P136,P018,follow
P136,P026,follow
P136,P044,follow
P136,P047,follow
P136,P056,follow
P136,P061,follow
P136,P070,follow
P136,P079,follow
P136,P086,follow
P136,P091,follow
P136,P098,follow
P136,P108,follow
P136,P111,follow
P136,P122,follow
P136,P130,follow
P136,P147,follow
P136,P154,follow
P136,P161,follow
P136,P175,follow
P136,P178,follow
P137,P009,follow
P137,P095,follow
P137,P109,follow
P137,P149,follow
P137,P153,follow
P137,P164,follow
P138,P003,follow
P138,P017,follow
P138,P028,follow
P138,P029,follow
P138,P088,follow
P138,P091,follow
P138,P097,follow
P138,P120,follow
P138,P126,follow
P138,P167,follow
P138,P176,follow
P138,P183,follow
P139,P015,follow
P139,P017,follow
P139,P032,follow
P139,P046,follow
P139,P059,follow
P139,P080,follow
P139,P083,follow
P139,P086,follow
P139,P123,follow
P139,P149,follow
P140,P004,follow
P140,P010,follow
P140,P042,follow
P140,P057,follow
P140,P064,follow
P140,P081,follow
P140,P088,follow
P140,P092,follow
P140,P106,follow
P140,P108,follow
P140,P132,follow
P140,P142,follow
P140,P143,follow
P140,P152,follow
P140,P171,follow
P140,P184,follow
P140,P185,follow
P140,P187,follow
P140,P189,follow
P141,P024,follow
P141,P031,follow
P141,P038,follow
P141,P053,follow
P141,P063,follow
P141,P074,follow
P141,P094,follow
P141,P111,follow
P141,P117,follow
P141,P123,follow
P141,P147,follow
P141,P150,follow
P141,P151,follow
P141,P162,follow
P141,P164,follow
P141,P168,follow
P142,P012,follow
P142,P020,follow
P142,P027,follow
P142,P050,follow
P142,P114,follow
P142,P129,follow
P142,P182,follow
P143,P037,follow
P143,P098,follow
P143,P170,follow
P143,P172,follow
P143,P195,follow
P144,P025,follow
P144,P028,follow
P144,P043,follow
P144,P045,follow
P144,P049,follow
P144,P068,follow
P144,P082,follow
P144,P100,follow
P144,P113,follow
P144,P119,follow
P144,P125,follow
P144,P148,follow
P144,P155,follow
P144,P160,follow
P144,P166,follow
P144,P179,follow
P144,P181,follow
P144,P191,follow
P145,P005,follow
P145,P024,follow
P145,P027,follow
P145,P042,follow
P145,P058,follow
P145,P069,follow
P145,P083,follow
P145,P092,follow
P145,P096,follow
P145,P102,follow
P145,P104,follow
P145,P105,follow
P145,P135,follow
P145,P141,follow
P145,P153,follow
P145,P162,follow
P145,P181,follow
P145,P197,follow
P146,P033,follow
P146,P078,follow
P146,P084,follow
P146,P091,follow
P146,P114,follow
P146,P141,follow
P146,P193,follow
P146,P199,follow
P147,P005,follow
P147,P009,follow
P147,P012,follow
P147,P020,follow
P147,P034,follow
P147,P040,follow
P147,P063,follow
P147,P088,follow
P147,P124,follow
P147,P126,follow
P147,P133,follow
P147,P136,follow
P147,P168,follow
P148,P019,follow
P148,P024,follow
P148,P035,follow
P148,P049,follow
P148,P061,follow
P148,P062,follow
P148,P073,follow
P148,P074,follow
P148,P094,follow
P148,P096,follow
P148,P119,follow
P148,P135,follow
P148,P140,follow
P148,P145,follow
P148,P178,follow
P148,P184,follow
P148,P199,follow
P149,P008,follow
P149,P010,follow
P149,P019,follow
P149,P031,follow
P149,P049,follow
P149,P069,follow
P149,P092,follow
P149,P118,follow
P149,P125,follow
P149,P167,follow
P149,P175,follow
P149,P184,follow
P150,P039,follow
P150,P043,follow
P150,P047,follow
P150,P050,follow
P150,P056,follow
P150,P057,follow
P150,P078,follow
P150,P083,follow
P150,P099,follow
P150,P103,follow
P150,P117,follow
P150,P155,follow
P150,P167,follow
P150,P169,follow
P150,P177,follow
P150,P178,follow
P150,P198,follow
P151,P001,follow
P151,P006,follow
P151,P012,follow
P151,P037,follow
P151,P064,follow
P151,P082,follow
P151,P096,follow
P151,P097,follow
P151,P104,follow
P151,P110,follow
P151,P163,follow
P151,P177,follow
P151,P192,follow
P152,P081,follow
P152,P096,follow
P152,P098,follow
P152,P147,follow
P152,P153,follow
P152,P177,follow
P153,P002,follow
P153,P003,follow
P153,P036,follow
P153,P057,follow
P153,P061,follow
P153,P070,follow
P153,P075,follow
P153,P079,follow
P153,P083,follow
P153,P091,follow
P153,P105,follow
P153,P115,follow
P153,P130,follow
P153,P140,follow
P153,P143,follow
P153,P145,follow
P153,P146,follow
P153,P149,follow
P153,P154,follow
P153,P161,follow
P153,P169,follow
P153,P183,follow
P153,P190,follow
P153,P195,follow
P154,P002,follow
P154,P014,follow
P154,P080,follow
P154,P090,follow
P154,P092,follow
P154,P093,follow
P154,P096,follow
P154,P101,follow
P154,P126,follow
P154,P143,follow
P154,P149,follow
P154,P151,follow
P154,P155,follow
P154,P190,follow
P155,P017,follow
P155,P020,follow
P155,P054,follow
P155,P077,follow
P155,P080,follow
P155,P092,follow
P155,P096,follow
P155,P102,follow
P155,P107,follow
P155,P108,follow
P155,P122,follow
P155,P136,follow
P155,P147,follow
P155,P149,follow
P155,P152,follow
P155,P153,follow
P155,P168,follow
P155,P198,follow
P156,P006,follow
P156,P007,follow
P156,P011,follow
P156,P014,follow
P156,P040,follow
P156,P061,follow
P156,P063,follow
P156,P081,follow
P156,P138,follow
P156,P192,follow
P156,P198,follow
P157,P004,follow
P157,P017,follow
P157,P038,follow
P157,P074,follow
P157,P095,follow
P157,P100,follow
P157,P135,follow
P158,P016,follow
P158,P018,follow
P158,P033,follow
P158,P035,follow
P158,P045,follow
P158,P051,follow
P158,P059,follow
P158,P070,follow
P158,P072,follow
P158,P098,follow
P158,P108,follow
P158,P112,follow
P158,P116,follow
P158,P118,follow
P158,P171,follow
P158,P178,follow
P158,P183,follow
P159,P002,follow
P159,P005,follow
P159,P011,follow
P159,P017,follow
P159,P032,follow
P159,P057,follow
P159,P084,follow
P159,P095,follow
P159,P100,follow
P159,P133,follow
P159,P141,follow
P159,P142,follow
P159,P169,follow
P159,P186,follow
P160,P004,follow
P160,P006,follow
P160,P037,follow
P160,P062,follow
P160,P063,follow
P160,P112,follow
P160,P131,follow
P160,P176,follow
P160,P182,follow
P160,P190,follow
P160,P194,follow
P161,P012,follow
P161,P013,follow
P161,P019,follow
P161,P021,follow
P161,P046,follow
P161,P057,follow
P161,P091,follow
P161,P093,follow
P161,P101,follow
P161,P106,follow
P161,P120,follow
P161,P124,follow
P161,P131,follow
P161,P133,follow
P161,P137,follow
P161,P144,follow
P161,P169,follow
P161,P175,follow
P161,P177,follow
P162,P014,follow
P162,P015,follow
P162,P023,follow
P162,P028,follow
P162,P038,follow
P162,P048,follow
P162,P070,follow
P162,P109,follow
P162,P123,follow
P162,P125,follow
P162,P142,follow
P162,P174,follow
P162,P192,follow
P163,P002,follow
P163,P005,follow
P163,P013,follow
P163,P022,follow
P163,P023,follow
P163,P028,follow
P163,P038,follow
P163,P040,follow
P163,P046,follow
P163,P065,follow
P163,P115,follow
P163,P124,follow
P163,P127,follow
P163,P140,follow
P163,P142,follow
P163,P149,follow
P163,P165,follow
P163,P172,follow
P164,P010,follow
P164,P067,follow
P164,P094,follow
P164,P101,follow
P164,P108,follow
P164,P174,follow
P165,P013,follow
P165,P028,follow
P165,P031,follow
P165,P040,follow
P165,P044,follow
P165,P057,follow
P165,P061,follow
P165,P076,follow
P165,P089,follow
P165,P090,follow
P165,P098,follow
P165,P105,follow
P165,P106,follow
P165,P113,follow
P165,P114,follow
P165,P115,follow
P165,P116,follow
P165,P117,follow
P165,P127,follow
P165,P146,follow
P165,P147,follow
P166,P003,follow
P166,P024,follow
P166,P025,follow
P166,P044,follow
P166,P045,follow
P166,P050,follow
P166,P058,follow
P166,P063,follow
P166,P090,follow
P166,P096,follow
P166,P113,follow
P166,P120,follow
P166,P124,follow
P166,P127,follow
P166,P133,follow
P166,P153,follow
P166,P165,follow
P166,P174,follow
P166,P196,follow
P166,P197,follow
P167,P002,follow
P167,P010,follow
P167,P015,follow
P167,P025,follow
P167,P030,follow
P167,P040,follow
P167,P045,follow
P167,P051,follow
P167,P065,follow
P167,P085,follow
P167,P106,follow
P167,P107,follow
P167,P123,follow
P167,P155,follow
P167,P166,follow
P167,P191,follow
P168,P021,follow
P168,P054,follow
P168,P061,follow
P168,P099,follow
P168,P111,follow
P168,P113,follow
P168,P117,follow
P168,P121,follow
P168,P131,follow
P168,P137,follow
P168,P140,follow
P168,P156,follow
P168,P159,follow
P168,P170,follow
P168,P173,follow
P168,P186,follow
P169,P020,follow
P169,P031,follow
P169,P043,follow
P169,P055,follow
P169,P074,follow
P169,P083,follow
P169,P084,follow
P169,P094,follow
P169,P095,follow
P169,P099,follow
P169,P100,follow
P169,P104,follow
P169,P123,follow
P169,P156,follow
P169,P165,follow
P169,P174,follow
P169,P193,follow
P170,P008,follow
P170,P074,follow
P170,P096,follow
P170,P098,follow
P170,P101,follow
P171,P002,follow
P171,P011,follow
P171,P037,follow
P171,P039,follow
P171,P043,follow
P171,P066,follow
P171,P085,follow
P171,P089,follow
P171,P096,follow
P171,P101,follow
P171,P110,follow
P171,P122,follow
P171,P127,follow
P171,P137,follow
P171,P150,follow
P171,P157,follow
P171,P177,follow
P171,P180,follow
P171,P182,follow
P171,P195,follow
P171,P197,follow
P172,P017,follow
P172,P025,follow
P172,P026,follow
P172,P027,follow
P172,P028,follow
P172,P034,follow
P172,P041,follow
P172,P069,follow
P172,P074,follow
P172,P082,follow
P172,P085,follow
P172,P096,follow
P172,P097,follow
P172,P099,follow
P172,P123,follow
P172,P124,follow
P172,P145,follow
P172,P173,follow
P172,P177,follow
P172,P178,follow
P172,P190,follow
P172,P199,follow
P173,P003,follow
P173,P012,follow
P173,P022,follow
P173,P059,follow
P173,P070,follow
P173,P095,follow
P173,P103,follow
P173,P124,follow
P173,P131,follow
P173,P132,follow
P173,P135,follow
P173,P147,follow
P173,P172,follow
P173,P187,follow
P174,P015,follow
P174,P018,follow
P174,P072,follow
P174,P080,follow
P174,P100,follow
P174,P101,follow
P174,P141,follow
P174,P185,follow
P175,P013,follow
P175,P020,follow
P175,P034,follow
P175,P042,follow
P175,P078,follow
P175,P115,follow
P175,P154,follow
P175,P164,follow
P175,P169,follow
P175,P190,follow
P175,P192,follow
P176,P012,follow
P176,P026,follow
P176,P045,follow
P176,P047,follow
P176,P049,follow
P176,P059,follow
P176,P080,follow
P176,P093,follow
P176,P100,follow
P176,P106,follow
P176,P129,follow
P176,P131,follow
P176,P153,follow
P176,P160,follow
P176,P165,follow
P176,P168,follow
P176,P178,follow
P176,P191,follow
P176,P195,follow
P177,P031,follow
P177,P059,follow
P177,P098,follow
P177,P114,follow
P177,P126,follow
P177,P131,follow
P177,P135,follow
P177,P172,follow
P178,P012,follow
P178,P026,follow
P178,P043,follow
P178,P047,follow
P178,P053,follow
P178,P061,follow
P178,P072,follow
P178,P087,follow
P178,P109,follow
P178,P111,follow
P178,P117,follow
P178,P135,follow
P178,P140,follow
P178,P142,follow
P178,P157,follow
P178,P161,follow
P178,P164,follow
P178,P171,follow
P178,P172,follow
P178,P173,follow
P178,P174,follow
P178,P176,follow
P179,P003,follow
P179,P024,follow
P179,P036,follow
P179,P058,follow
P179,P073,follow
P179,P081,follow
P179,P086,follow
P179,P094,follow
P179,P095,follow
P179,P115,follow
P179,P123,follow
P179,P132,follow
P179,P133,follow
P179,P134,follow
P179,P135,follow
P179,P140,follow
P179,P141,follow
P179,P146,follow
P179,P155,follow
P179,P160,follow
P179,P170,follow
P179,P174,follow
P179,P175,follow
P179,P191,follow
P180,P074,follow
P180,P075,follow
P180,P093,follow
P180,P095,follow
P180,P160,follow
P180,P164,follow
P180,P178,follow
P181,P002,follow
P181,P010,follow
P181,P012,follow
P181,P024,follow
P181,P036,follow
P181,P081,follow
P181,P091,follow
P181,P112,follow
P181,P113,follow
P181,P131,follow
P181,P167,follow
P181,P169,follow
P181,P192,follow
P182,P008,follow
P182,P009,follow
P182,P013,follow
P182,P016,follow
P182,P019,follow
P182,P029,follow
P182,P031,follow
P182,P039,follow
P182,P043,follow
P182,P055,follow
P182,P070,follow
P182,P075,follow
P182,P118,follow
P182,P126,follow
P182,P148,follow
P182,P184,follow
P182,P190,follow
P182,P196,follow
P183,P005,follow
P183,P011,follow
P183,P044,follow
P183,P059,follow
P183,P065,follow
P183,P076,follow
P183,P091,follow
P183,P093,follow
P183,P098,follow
P183,P119,follow
P183,P130,follow
P183,P135,follow
P183,P137,follow
P183,P143,follow
P183,P153,follow
P183,P154,follow
P183,P195,follow
P183,P196,follow
P184,P010,follow
P184,P013,follow
P184,P038,follow
P184,P055,follow
P184,P060,follow
P184,P080,follow
P184,P104,follow
P184,P118,follow
P184,P144,follow
P184,P171,follow
P184,P173,follow
P184,P175,follow
P184,P196,follow
P185,P019,follow
P185,P026,follow
P185,P030,follow
P185,P054,follow
P185,P063,follow
P185,P084,follow
P185,P121,follow
P185,P132,follow
P185,P138,follow
P185,P157,follow
P185,P168,follow
P185,P174,follow
P185,P179,follow
P185,P187,follow
P185,P197,follow
P185,P199,follow
P186,P002,follow
P186,P003,follow
P186,P046,follow
P186,P059,follow
P186,P077,follow
P186,P090,follow
P186,P093,follow
P186,P099,follow
P186,P107,follow
P186,P146,follow
P186,P153,follow
P186,P169,follow
P186,P176,follow
P187,P005,follow
P187,P006,follow
P187,P011,follow
P187,P015,follow
P187,P027,follow
P187,P032,follow
P187,P034,follow
P187,P038,follow
P187,P062,follow
P187,P065,follow
P187,P066,follow
P187,P094,follow
P187,P106,follow
P187,P119,follow
P187,P138,follow
P187,P143,follow
P187,P177,follow
P187,P194,follow
P187,P197,follow
P188,P008,follow
P188,P028,follow
P188,P050,follow
P188,P105,follow
P188,P127,follow
P188,P150,follow
P188,P154,follow
P188,P159,follow
P189,P023,follow
P189,P095,follow
P189,P100,follow
P189,P145,follow
P189,P170,follow
P190,P006,follow
P190,P008,follow
P190,P020,follow
P190,P031,follow
P190,P037,follow
P190,P074,follow
P190,P087,follow
P190,P090,follow
P190,P094,follow
P190,P103,follow
P190,P132,follow
P190,P157,follow
P190,P168,follow
P190,P173,follow
P190,P186,follow
P190,P189,follow
P191,P003,follow
P191,P013,follow
P191,P019,follow
P191,P020,follow
P191,P022,follow
P191,P034,follow
P191,P049,follow
P191,P074,follow
P191,P086,follow
P191,P182,follow
P192,P009,follow
P192,P025,follow
P192,P037,follow
P192,P043,follow
P192,P096,follow
P192,P135,follow
P192,P150,follow
P192,P152,follow
P192,P154,follow
P193,P012,follow
P193,P030,follow
P193,P036,follow
P193,P037,follow
P193,P043,follow
P193,P071,follow
P193,P077,follow
P193,P080,follow
P193,P123,follow
P193,P125,follow
P193,P137,follow
P193,P138,follow
P193,P154,follow
P193,P155,follow
P193,P160,follow
P193,P163,follow
P193,P171,follow
P193,P190,follow
P193,P197,follow
P193,P198,follow
P194,P025,follow
P194,P029,follow
P194,P087,follow
P194,P113,follow
P194,P127,follow
P194,P132,follow
P194,P149,follow
P194,P151,follow
P194,P165,follow
P194,P166,follow
P194,P196,follow
P195,P079,follow
P195,P100,follow
P195,P101,follow
P195,P110,follow
P195,P188,follow
P196,P030,follow
P196,P040,follow
P196,P042,follow
P196,P048,follow
P196,P057,follow
P196,P061,follow
P196,P069,follow
P196,P080,follow
P196,P101,follow
P196,P102,follow
P196,P111,follow
P196,P118,follow
P196,P119,follow
P196,P123,follow
P196,P145,follow
P196,P146,follow
P196,P154,follow
P196,P165,follow
P196,P168,follow
P196,P183,follow
P197,P005,follow
P197,P017,follow
P197,P020,follow
P197,P031,follow
P197,P048,follow
P197,P069,follow
P197,P081,follow
P197,P096,follow
P197,P098,follow
P197,P109,follow
P197,P124,follow
P197,P126,follow
P197,P132,follow
P197,P136,follow
P197,P137,follow
P197,P145,follow
P197,P177,follow
P197,P186,follow
P197,P193,follow
P198,P008,follow
P198,P013,follow
P198,P029,follow
P198,P059,follow
P198,P079,follow
P198,P113,follow
P198,P119,follow
P198,P128,follow
P198,P148,follow
P198,P150,follow
P198,P151,follow
P198,P162,follow
P198,P164,follow
P198,P188,follow
P199,P008,follow
P199,P017,follow
P199,P022,follow
P199,P035,follow
P199,P062,follow
P199,P063,follow
P199,P071,follow
P199,P087,follow
P199,P089,follow
P199,P093,follow
P199,P101,follow
P199,P125,follow
P199,P138,follow
P199,P140,follow
P199,P162,follow
P199,P164,follow
P199,P169,follow
P199,P171,follow
P199,P194,follow
